<?xml version="1.0" encoding="UTF-8" ?>
<!DOCTYPE log4j:configuration SYSTEM "log4j.dtd">
<log4j:configuration xmlns:log4j="http://jakarta.apache.org/log4j/">
	
<!-- WARNING: This is NOT NECESSARILY USED any more by docx4j (since 3.0).

     docx4j 3.0 uses slf4j, so configuring logging is entirely up to you, the user of the docx4j library.

     If you want to use log4j, you can, by adding slf4j-log4j12 (and log4j itself).
     
     In that case, you can use this file as the basis for your log4j configuration if you wish.

	 To see log output when running samples from within Eclipse, 
	 in the Eclipse run dialog, arguments tab, enter the following
	 as a program argument:
	
	     -Dlog4j.configuration=src/main/resources/log4j.xml
	     
	 or add the dir containing this file to your classpath (in run configuration)
	
	--> 	

    <!-- ====================================================================== -->
    <!-- A P P E N D E R S                                                      -->
    <!-- ====================================================================== -->

    <!-- console -->
    <appender name="console" class="org.apache.log4j.ConsoleAppender">
        <layout class="org.apache.log4j.PatternLayout">
<!--             <param name="ConversionPattern" value="%d{dd.MM.yyyy HH:mm:ss} *%-5p* %c{1}: %m (%F, line %L)%n"/> -->            <param name="ConversionPattern" value="%d{dd.MM.yyyy HH:mm:ss} *%-5p* %c{1}: %m (%F, line %L)%n"/>

			<param name="ConversionPattern" value="%p %c %x.%M line %L - %m%n" />
			
        </layout>
    </appender>

    <!-- error.log -->
    <appender name="error" class="org.apache.log4j.FileAppender">
        <param name="File" value="logs/docx4j.log"/>
        <layout class="org.apache.log4j.PatternLayout">
            <param name="ConversionPattern" value="%d{dd.MM.yyyy HH:mm:ss} *%-5p* %c{1}: %m (%F, line %L)%n"/>
        </layout>
    </appender>

    <!-- ====================================================================== -->
    <!-- L O G G E R S                                                          -->
    <!-- ====================================================================== -->


    <!--  Apache loggers -->
    <logger name="org.apache.commons">
  		<level value="warn"/> 
	</logger>
	
    <logger name="org.apache.fop">
  		<level value="info"/> 
	</logger>
	
    <!--  docx4j loggers -->
    <logger name="org.docx4j">
  		<level value="warn"/> 
	</logger>	

    <logger name="org.docx4j.TraversalUtil">
  		<level value="warn"/> 
	</logger>	

    <logger name="org.docx4j.XmlUtils">
  		<level value="warn"/> 
	</logger>	

    <logger name="org.docx4j.utils.ResourceUtils">
  		<level value="debug"/>  <!--  to help users identify where settings are coming from -->
	</logger>	
    
    <logger name="org.docx4j.convert.in">
  		<level value="warn"/> 
	</logger>	
	
    <logger name="org.docx4j.convert.in.xhtml">
  		<level value="warn"/> 
	</logger>	

    <logger name="org.docx4j.convert.out">
  		<level value="warn"/> 
	</logger>	
	
	
    <logger name="org.docx4j.convert.out.common.AbstractConversionContext">
  		<level value="debug"/> 
	</logger>	

    <logger name="org.docx4j.convert.out.common.Preprocess"> <!-- the class -->
  		<level value="warn"/> 
	</logger>	
    
    <logger name="org.docx4j.convert.out.common.preprocess"> <!-- the package -->
  		<level value="warn"/> 
	</logger>	

    
	<logger name="org.docx4j.convert.out.common.preprocess.FieldsCombiner">
		  <level value="warn"/> 
	</logger>	
    	
    <!-- PDF output via XSL FO: change this to warn to hide messages -->	
    <logger name="org.docx4j.convert.out.common.writer.AbstractMessageWriter">
  		<level value="debug"/> 
	</logger>	

    <logger name="org.docx4j.convert.out.html.ListsToContentControls">
  		<level value="warn"/> 
	</logger>	

    <logger name="org.docx4j.diff">
  		<level value="warn"/> 
	</logger>
    	
    <logger name="org.docx4j.fonts">
  		<level value="warn"/> 
	</logger>

    <logger name="org.docx4j.fonts.PhysicalFonts">
  		<level value="info"/> 
	</logger>    
	
    <logger name="org.docx4j.fonts.RunFontSelector">
  		<level value="warn"/> 
	</logger>
    
	<logger name="org.docx4j.jaxb">
		<level value="info"/> 
	</logger>	

	<logger name="org.docx4j.model">
		<level value="warn"/> 
	</logger>	
		
	<logger name="org.docx4j.model.fields">
		<level value="warn"/> 
	</logger>	

	<logger name="org.docx4j.model.listnumbering">
		<level value="warn"/> 
	</logger>	
	
	<logger name="org.docx4j.model.PropertyResolver">
		<level value="warn"/> 
	</logger>	
	
	<logger name="org.docx4j.model.structure">
		<level value="warn"/> 
	</logger>	

	<logger name="org.docx4j.model.styles">
		<level value="warn"/> 
	</logger>	

	<logger name="org.docx4j.model.table">
		<level value="info"/> 
	</logger>	
	    	
    <logger name="org.docx4j.openpackaging">
  		<level value="info"/> 
	</logger>

    <logger name="org.docx4j.openpackaging.io3">
  		<level value="info"/> 
	</logger>

    <logger name="org.docx4j.openpackaging.packages">
  		<level value="warn"/> 
	</logger>

    <logger name="org.docx4j.openpackaging.parts">
  		<level value="warn"/> 
	</logger>

    <logger name="org.docx4j.openpackaging.parts.Parts">
  		<level value="info"/> 
	</logger>
    
    <logger name="org.docx4j.openpackaging.parts.ThemePart">
  		<level value="warn"/> 
	</logger>
		
    <logger name="org.docx4j.openpackaging.parts.WordprocessingML.BinaryPartAbstractImage">
  		<level value="info"/> 
	</logger>
	
    <logger name="org.docx4j.services.client">
  		<level value="debug"/> 
	</logger>	
    <logger name="org.docx4j.toc">
  		<level value="debug"/> 
	</logger>	
    
    <logger name="org.docx4j.wml">
  		<level value="warn"/> 
	</logger>

    <!--  OpenDoPE functionality loggers -->

	<logger name="org.docx4j.model.datastorage">
		<level value="warn"/> 
	</logger>	
		
    <logger name="org.docx4j.openpackaging.parts.CustomXmlDataStoragePart">
  		<level value="warn"/> 
	</logger>

    <logger name="org.docx4j.openpackaging.parts.XmlPart">
  		<level value="warn"/> 
	</logger>

    <logger name="org.opendope.conditions.Xpathref">
  		<level value="warn"/> 
	</logger>

    <logger name="org.opendope">
  		<level value="warn"/> 
	</logger>
	
	
    <logger name="org.docx4j.org.xhtmlrenderer">
  		<level value="warn"/> 
	</logger>
	
    
    <!--  Enterprise edition loggers -->

    <logger name="com.plutext.merge">
  		<level value="warn"/> 
	</logger>

    <logger name="com.plutext.merge.pptx">
  		<level value="warn"/> 
	</logger>

    <logger name="com.plutext.merge.altchunk">
  		<level value="warn"/> 
	</logger>

    <logger name="com.plutext.cmis">
  		<level value="warn"/> 
	</logger>
	
    <logger name="org.apache.jcp.xml.dsig.internal.dom">
  		<level value="info"/> 
	</logger>

	<logger name="com.plutext.crypt.dsig">
  		<level value="info"/> 
	</logger>
	
    <logger name="org.docx4j.openpackaging.parts.digitalsignature.XmlSignaturePart">
  		<level value="info"/> 
	</logger>
	
    <logger name="com.plutext.demo.diagnostics">
  		<level value="debug"/> 
	</logger>

    
 
    <!--  Root logger -->
    <root>
        <level value="warn" />
        <appender-ref ref="console"/>
        <!-- <appender-ref ref="error"/> -->
    </root>

</log4j:configuration>
<logger name="org.docx4j">
<level value="ERROR"/>
<appender-ref ref="console"/>
</logger>