<?xml version="1.0" encoding="UTF-8"?>
<engine-query id="1">
<engine-field id="2">:</engine-field>
<specific id="3" val-specific="'*eq'">Explicit Phrase</specific>
<exclude id="4" val-exclude="*eq -*eq">Exclude Words</exclude>
<or id="5" val-or="*eq OR *eq">This OR That</or>
<and id="6" val-and="*eq AND *eq">This AND That</and>
<text id="7" val-text="allintext:*eq">Words in the Text</text>
<title id="8" val-title="allintitle:*eq">Words in the Title</title>
<url id="9" val-url="allinurl:*eq">Words in the URL</url>
<text-title-url id="10" val-text-title-url="*eq intext:*eq">Words in the TItle + Text, URL, etc.</text-title-url>
<title-text-url id="11" val-title-text-url="*eq intitle:*eq">Words in the Text + Title, URL etc.</title-text-url>
<site id="12" val-site="site:*eq *eq">How to Search Within a Website</site>
<related id="13" val-related="related:*eq">Related Search</related>
<link id="14" val-link="link:*eq">A Page That Links to Another Page</link>
<similar-synonyms id="15" val-similar-synonyms="*eq ~*eq">Similar Words and Synonyms</similar-synonyms>
<define id="16" val-define="define:*eq">Word Definitions</define>
<missing-words id="17" val-missing-words="*eq * *eq">Missing Words</missing-words>
<news-location id="18" val-news-location="*eq location:*eq">News in a Specific Location</news-location>
<specific-docs id="19" val-specific-docs="*eq filetype:*eq">Specific Document Types</specific-docs>
<translations id="20" val-translations="translate *eq to *eq">Translations</translations>
<phone-listing id="21" val-phone-listing="phonebook:*eq">Phone Listing</phone-listing>
<area-code id="22" val-area-code="*eq">Area Code Lookup</area-code>
<zip-code id="23" val-zip-code="*eq">Zip Code Lookup</zip-code>
<num-range id="24" val-num-range="*eq.. *eq">Numeric Ranges</num-range>
<stock id="25" val-stock="C*eq">Stock (Ticker Symbol)</stock>
<calculator id="26" val-calculator="*eq * *eq">Calculator</calculator>
<tip-calculator id="27" val-tip-calculator="tip calculator">Tip Calculator</tip-calculator>
<timer id="28" val-timer="*eq timer">Timer</timer>
<stop-watch id="29" val-stop-watch="stopwatch">Stopwatch</stop-watch>
<weather id="30" val-weather="weather *eq">Weather</weather>
<rise-times id="31" val-rise-times="sunrise *eq">Sunrise and Sunset Times</rise-times>
<flight-stats id="32" val-flight-stats="C*eq">Flight Statuses</flight-stats>
<sports-info id="33" val-sports-info="*eq">Sports Scores and Schedules</sports-info>
<compare id="34" val-fetch="*eq vs *eq">Comparing</compare>
</engine-query>