<?xml version="1.0" encoding="UTF-8"?>
<html_directives>
<header_info>
<remove_directive>head,title,link,script,meta,applet,object,embed</remove_directive>
<data_directive>a.EDS@A1:EDD@A1.href*title,img.EDS@I3:EDD@I3.src*alt</data_directive>
</header_info>
<html_tags>
<a a-start="EOS:A1:EOD" a-end="ECS:A1:ECD">Defines a hyperlink</a>
<abbr abbr-start="EOS:A2:EOD" abbr-end="ECS:A2:ECD">Defines an abbreviation or an acronym</abbr>
<acronym acronym-start="EOS:A3:EOD" acronym-end="ECS:A3:ECD">Defines an acronym</acronym>
<address address-start="EOS:A4:EOD" address-end="ECS:A4:ECD">Defines contact information for the author/owner of a document</address>
<applet applet-start="EOS:A5:EOD" applet-end="ECS:A5:ECD">Defines an embedded applet</applet>
<area area-start="EOS:A6:EOD" area-end="ECS:A6:ECD">Defines an area inside an image-map</area>
<article article-start="EOS:A7:EOD" article-end="ECS:A7:ECD">Defines an article</article>
<aside aside-start="EOS:A8:EOD" aside-end="ECS:A8:ECD">Defines content aside from the page content</aside>
<audio audio-start="EOS:A9:EOD" audio-end="ECS:A9:ECD">Defines sound content</audio>
<b b-start="EOS:B1:EOD" b-end="ECS:B1:ECD">Defines bold text</b>
<base base-start="EOS:B2:EOD" base-end="ECS:B2:ECD">Specifies the base URL/target for all relative URLs in a document</base>
<basefont basefont-start="EOS:B3:EOD" basefont-end="ECS:B3:ECD">Specifies a default color, size, and font for all text in a document</basefont>
<bdi bdi-start="EOS:B4:EOD" bdi-end="ECS:B4:ECD">Isolates a part of text that might be formatted in a different direction from other text outside it</bdi>
<bdo bdo-start="EOS:B5:EOD" bdo-end="ECS:B5:ECD">Overrides the current text direction</bdo>
<big big-start="EOS:B6:EOD" big-end="ECS:B6:ECD">Defines big text</big>
<blockquote blockquote-start="EOS:B7:EOD" blockquote-end="ECS:B7:ECD">Defines a section that is quoted from another source</blockquote>
<body body-start="EOS:B8:EOD" body-end="ECS:B8:ECD">Defines the document's body</body>
<br br-start="EOS:B9:EOD" br-end="ECS:B9:ECD">Defines a single line break</br>
<button button-start="EOS:B10:EOD" button-end="ECS:B10:ECD">Defines a clickable button</button>
<canvas canvas-start="EOS:C1:EOD" canvas-end="ECS:C1:ECD">Used to draw graphics, on the fly, via scripting (usually JavaScript)</canvas>
<caption caption-start="EOS:C2:EOD" caption-end="ECS:C2:ECD">Defines a table caption</caption>
<center center-start="EOS:C3:EOD" center-end="ECS:C3:ECD">Defines centered text</center>
<cite cite-start="EOS:C4:EOD" cite-end="ECS:C4:ECD">Defines the title of a work</cite>
<code code-start="EOS:C5:EOD" code-end="ECS:C5:ECD">Defines a piece of computer code</code>
<col col-start="EOS:C6:EOD" col-end="ECS:C6:ECD">Specifies column properties for each column within a (colgroup) element</col> 
<colgroup colgroup-start="EOS:C7:EOD" colgroup-end="ECS:C7:ECD">Specifies a group of one or more columns in a table for formatting</colgroup>
<data data-start="EOS:D1:EOD" data-end="ECS:D1:ECD">Links the given content with a machine-readable translation</data>
<datalist datalist-start="EOS:D2:EOD" datalist-end="ECS:D2:ECD">Specifies a list of pre-defined options for input controls</datalist>
<dd dd-start="EOS:D3:EOD" dd-end="ECS:D3:ECD">Defines a description/value of a term in a description list</dd>
<del del-start="EOS:D4:EOD" del-end="ECS:D4:ECD">Defines text that has been deleted from a document</del>
<details details-start="EOS:D5:EOD" details-end="ECS:D5:ECD">Defines additional details that the user can view or hide</details>
<dfn dfn-start="EOS:D6:EOD" dfn-end="ECS:D6:ECD">Represents the defining instance of a term</dfn>
<dialog dialog-start="EOS:D7:EOD" dialog-end="ECS:D7:ECD">Defines a dialog box or window</dialog>
<dir dir-start="EOS:D8:EOD" dir-end="ECS:D8:ECD">Defines a directory list</dir>
<div div-start="EOS:D9:EOD" div-end="ECS:D9:ECD">Defines a section in a document</div>
<dl dl-start="EOS:D10:EOD" dl-end="ECS:D10:ECD">Defines a description list</dl>
<dt dt-start="EOS:D11:EOD" dt-end="ECS:D11:ECD">Defines a term/name in a description list</dt>
<em em-start="EOS:E1:EOD" em-end="ECS:E1:ECD">Defines emphasized text</em> 
<embed embed-start="EOS:E2:EOD" embed-end="ECS:E2:ECD">Defines a container for an external (non-HTML) application</embed>
<fieldset fieldset-start="EOS:F1:EOD" fieldset-end="ECS:F1:ECD">Groups related elements in a form</fieldset>
<figcaption figcaption-start="EOS:F2:EOD" figcaption-end="ECS:F2:ECD">Defines a caption for a (figure) element</figcaption>
<figure figure-start="EOS:F3:EOD" figure-end="ECS:F3:ECD">Specifies self-contained content</figure>
<font font-start="EOS:F4:EOD" font-end="ECS:F4:ECD">Defines font, color, and size for text</font>
<footer footer-start="EOS:F5:EOD" footer-end="ECS:F5:ECD">Defines a footer for a document or section</footer>
<form form-start="EOS:F6:EOD" form-end="ECS:F6:ECD">Defines an HTML form for user input</form>
<frame frame-start="EOS:F7:EOD" frame-end="ECS:F7:ECD">Defines a window (a frame) in a frameset</frame>
<frameset frameset-start="EOS:F8:EOD" frameset-end="ECS:F8:ECD">Defines a set of frames</frameset>
<h1 h1-start="EOS:H1:EOD" h1-end="ECS:H1:ECD">Defines HTML headings</h1>
<h2 h2-start="EOS:H2:EOD" h2-end="ECS:H2:ECD">Defines HTML headings</h2>
<h3 h3-start="EOS:H3:EOD" h3-end="ECS:H3:ECD">Defines HTML headings</h3>
<h4 h4-start="EOS:H4:EOD" h4-end="ECS:H4:ECD">Defines HTML headings</h4>
<h5 h5-start="EOS:H5:EOD" h5-end="ECS:H5:ECD">Defines HTML headings</h5>
<h6 h6-start="EOS:H6:EOD" h6-end="ECS:H6:ECD">Defines HTML headings</h6>
<head head-start="EOS:H7:EOD" head-end="ECS:H7:ECD">Defines information about the document</head>
<header header-start="EOS:H8:EOD" header-end="ECS:H8:ECD">Defines a header for a document or section</header>
<hr hr-start="EOS:H9:EOD" hr-end="ECS:H9:ECD">Defines a thematic change in the content</hr>
<html html-start="EOS:H10:EOD" html-end="ECS:H10:ECD">Defines the root of an HTML document</html>
<i i-start="EOS:I1:EOD" i-end="ECS:I1:ECD">Defines a part of text in an alternate voice or mood</i>
<iframe iframe-start="EOS:I2:EOD" iframe-end="ECS:I2:ECD">Defines an inline frame</iframe>
<img img-start="EOS:I3:EOD" img-end="ECS:I3:ECD">Defines an image</img>
<input input-start="EOS:I4:EOD" input-end="ECS:I4:ECD">Defines an input control</input>
<ins ins-start="EOS:I5:EOD" ins-end="ECS:I5:ECD">Defines a text that has been inserted into a document</ins>
<kbd kbd-start="EOS:K1:EOD" kbd-end="ECS:K1:ECD">Defines keyboard input</kbd>
<label label-start="EOS:L1:EOD" label-end="ECS:L1:ECD">Defines a label for an input element</label>
<legend legend-start="EOS:L2:EOD" legend-end="ECS:L2:ECD">Defines a caption for a fieldset element</legend>
<li li-start="EOS:L3:EOD" li-end="ECS:L3:ECD">Defines a list item</li>
<link link-start="EOS:L4:EOD" link-end="ECS:L4:ECD">Defines the relationship between a document and an external resource (most used to link to style sheets)</link>
<main main-start="EOS:M1:EOD" main-end="ECS:M1:ECD">Specifies the main content of a document</main>
<map map-start="EOS:M2:EOD" map-end="ECS:M2:ECD">Defines a client-side image-map</map>
<mark mark-start="EOS:M3:EOD" mark-end="ECS:M3:ECD">Defines marked/highlighted text</mark>
<menu menu-start="EOS:M4:EOD" menu-end="ECS:M4:ECD">Defines a list/menu of commands</menu>
<menuitem menuitem-start="EOS:M5:EOD" menuitem-end="ECS:M5:ECD">Defines a command/menu item that the user can invoke from a popup menu</menuitem>
<meta meta-start="EOS:M6:EOD" meta-end="ECS:M6:ECD">Defines metadata about an HTML document</meta>
<meter meter-start="EOS:M7:EOD" meter-end="ECS:M7:ECD">Defines a scalar measurement within a known range (a gauge)</meter>
<nav nav-start="EOS:N1:EOD" nav-end="ECS:N1:ECD">Defines navigation links</nav>
<noframes noframes-start="EOS:N2:EOD" noframes-end="ECS:N2:ECD">Defines an alternate content for users that do not support frames</noframes>
<noscript noscript-start="EOS:N3:EOD" noscript-end="ECS:N3:ECD">Defines an alternate content for users that do not support client-side scripts</noscript>
<object object-start="EOS:O1:EOD" object-end="ECS:O1:ECD">Defines an embedded object</object>
<ol ol-start="EOS:O2:EOD" ol-end="ECS:O2:ECD">Defines an ordered list</ol>
<optgroup optgroup-start="EOS:O3:EOD" optgroup-end="ECS:O3:ECD">Defines a group of related options in a drop-down list</optgroup>
<option option-start="EOS:O4:EOD" option-end="ECS:O4:ECD">Defines an option in a drop-down list</option>
<output output-start="EOS:O5:EOD" output-end="ECS:O5:ECD">Defines the result of a calculation</output>
<p p-start="EOS:P1:EOD" p-end="ECS:P1:ECD">Defines a paragraph</p>
<param param-start="EOS:P2:EOD" param-end="ECS:P2:ECD">Defines a parameter for an object</param>
<picture picture-start="EOS:P3:EOD" picture-end="ECS:P3:ECD">Defines a container for multiple image resources</picture>
<pre pre-start="EOS:P4:EOD" pre-end="ECS:P4:ECD">Defines preformatted text</pre>
<progress progress-start="EOS:P5:EOD" progress-end="ECS:P5:ECD">Represents the progress of a task</progress>
<q q-start="EOS:Q1:EOD" q-end="ECS:Q1:ECD">Defines a short quotation</q>
<rp rp-start="EOS:R1:EOD" rp-end="ECS:R1:ECD">Defines what to show in browsers that do not support ruby annotations</rp>
<rt rt-start="EOS:R2:EOD" rt-end="ECS:R2:ECD">Defines an explanation/pronunciation of characters (for East Asian typography)</rt>
<ruby ruby-start="EOS:R3:EOD" ruby-end="ECS:R3:ECD">Defines a ruby annotation (for East Asian typography)</ruby>
<s s-start="EOS:S1:EOD" s-end="ECS:S1:ECD">Defines text that is no longer correct</s>
<samp samp-start="EOS:S2:EOD" samp-end="ECS:S2:ECD">Defines sample output from a computer program</samp>
<script script-start="EOS:S3:EOD" script-end="ECS:S3:ECD">Defines a client-side script</script>
<section section-start="EOS:S4:EOD" section-end="ECS:S4:ECD">Defines a section in a document</section>
<select select-start="EOS:S5:EOD" select-end="ECS:S5:ECD">Defines a drop-down list</select>
<small small-start="EOS:S6:EOD" small-end="ECS:S6:ECD">Defines smaller text</small>
<source source-start="EOS:S7:EOD" source-end="ECS:S7:ECD">Defines multiple media resources for media elements (video and audio)</source>
<span span-start="EOS:S8:EOD" span-end="ECS:S8:ECD">Defines a section in a document</span>
<strike strike-start="EOS:S9:EOD" strike-end="ECS:S9:ECD">Defines strikethrough text</strike>
<s s-start="EOS:S10:EOD" s-end="ECS:S10:ECD">Defines strikethrough text</s>
<strong strong-start="EOS:S11:EOD" strong-end="ECS:S11:ECD">Defines important text</strong>
<style style-start="EOS:S12:EOD" style-end="ECS:S12:ECD">Defines style information for a document</style>
<sub sub-start="EOS:S13:EOD" sub-end="ECS:S13:ECD">Defines subscripted text</sub>
<summary summary-start="EOS:S14:EOD" summary-end="ECS:S14:ECD">Defines a visible heading for a detail element</summary>
<sup sup-start="EOS:S15:EOD" sup-end="ECS:S15:ECD">Defines superscripted text</sup>
<svg svg-start="EOS:S16:EOD" svg-end="ECS:S16:ECD">Defines a container for SVG graphics</svg>
<table table-start="EOS:T1:EOD" table-end="ECS:T1:ECD">Defines a table</table>
<tbody tbody-start="EOS:T2:EOD" tbody-end="ECS:T2:ECD">Groups the body content in a table</tbody>
<td td-start="EOS:T3:EOD" td-end="ECS:T3:ECD">Defines a cell in a table</td>
<template template-start="EOS:T4:EOD" template-end="ECS:T4:ECD">Defines a template</template>
<textarea textarea-start="EOS:T5:EOD" textarea-end="ECS:T5:ECD">Defines a multiline input control (text area)</textarea>
<tfoot tfoot-start="EOS:T6:EOD" tfoot-end="ECS:T6:ECD">Groups the footer content in a table</tfoot>
<th th-start="EOS:T7:EOD" th-end="ECS:T7:ECD">Defines a header cell in a table</th>
<thead thead-start="EOS:T8:EOD" thead-end="ECS:T8:ECD">Groups the header content in a table</thead>
<time time-start="EOS:T9:EOD" time-end="ECS:T9:ECD">Defines a date/time</time>
<title title-start="EOS:T10:EOD" title-end="ECS:T10:ECD">Defines a title for the document</title>
<tr tr-start="EOS:T11:EOD" tr-end="ECS:T11:ECD">Defines a row in a table</tr>
<track track-start="EOS:T12:EOD" track-end="ECS:T12:ECD">Defines text tracks for media elements (video and audio)</track>
<tt tt-start="EOS:T13:EOD" tt-end="ECS:T13:ECD">Defines teletype text</tt>
<u u-start="EOS:U1:EOD" u-end="ECS:U1:ECD">Defines text that should be stylistically different from normal text</u>
<ul ul-start="EOS:U2:EOD" ul-end="ECS:U2:ECD">Defines an unordered list</ul>
<var var-start="EOS:V1:EOD" var-end="ECS:V1:ECD">Defines a variable</var>
<video video-start="EOS:V2:EOD" video-end="ECS:V2:ECD">Defines a video or movie</video>
<wbr wbr-start="EOS:W1:EOD" wbr-end="ECS:W1:ECD">Defines a possible line-break</wbr>
</html_tags>
</html_directives>