<?xml version="1.0" encoding="UTF-8"?>
<lucene-query id="1">
<lucene-field id="2">:</lucene-field>
<specific id="3" val-specific="'*eq'">Explicit Phrase</specific>
<or id="4" val-or="*eq OR *eq">This OR That</or>
<and id="5" val-and="*eq AND *eq">This AND That</and>
<field id="6" val-field="*eq:*eq">Define Field</field>
<field-and id="7" val-field-and="*eq:*eq AND *eq:*eq">Search for Field AND</field-and>
<field-or id="8" val-field-or="*eq:*eq OR *eq:*eq">Search for Field OR</field-or>
<field-find id="9" val-field-find="*eq-?">Find Field</field-find>
<field-search id="10" val-field-search="*eq-*">Search for Field</field-search>
<similar id="11" val-similar="*eq~">Search Similar Terms</similar>
<proximity id="12" val-proximity="*eq~*eq">Search Proximity</proximity>
<range id="13" val-range="*eq:[*eq TO *eq]">Search Range of Terms</range>
<boost id="14" val-boost="*eq^num">Boost Terms</boost>
<required id="15" val-required="+*eq">Include Terms</required>
<exclude id="16" val-exclude="NOT *eq">Exclude Terms Entirely</exclude>
<remove id="17" val-remove="-*eq">Dont Include Terms</remove>
<grouping id="18" val-grouping="(*eq)">Grouping Terms</grouping>
</lucene-query>